AND Wylis (AND Wylis) - other
Acting Hand of the King (Acting Hand of the King) - other
Aegon (Aegon) - other
Aegon I Targaryen (Aegon I Targaryen) - other
Aegon Targaryen (Aegon Targaryen) - person
Aegon the Conquer (Aegon the Conquer) - other
Aegon the Conqueror (Aegon the Conqueror) - other
Aemon (Aemon) - other
Aemon Sam (Aemon Sam) - other
Aemon Targaryen (Aemon Targaryen) - person
Aeron (Aeron) - other
Aeron Greyjoy (Aeron Greyjoy) - person
Aerys (Aerys) - other
Aerys Targaryen (Aerys Targaryen) - person
Aerys the Lannisters (Aerys the Lannisters) - other
After Tommen (After Tommen) - other
Aggo (Aggo) - other
Ahko (Ahko) - other
Akho (Akho) - other
Alayne (Alayne) - other
Alliser (Alliser) - other
Alliser Thorne (Alliser Thorne) - other
Alton (Alton) - other
Alton Lannister (Alton Lannister) - person
Amory (Amory) - other
Amory Lorch (Amory Lorch) - other
Anara (Anara) - other
Anguy (Anguy) - other
Anyone (Anyone) - other
Arbor (Arbor) - other
Areo (Areo) - other
Areo Hotah (Areo Hotah) - other
Armeca (Armeca) - other
Army of the Dead (Army of the Dead) - other
Arry (Arry) - other
Arryn (Arryn) - other
Arthur (Arthur) - other
Arya (Arya) - other
Arya Stark (Arya Stark) - person
Arya/Lanna (Arya/Lanna) - other
As Cersei Lannister (As Cersei Lannister) - other
Ask (Ask) - other
Asshai (Asshai) - other
Astapor (Astapor) - other
At Karl (At Karl) - other
At Robb (At Robb) - other
Aunt Lyanna (Aunt Lyanna) - other
Axell Florent (Axell Florent) - person
Baelish (Baelish) - other
Baelish At Winterfell (Baelish At Winterfell) - other
Baelor (Baelor) - other
Baelor the Blessed (Baelor the Blessed) - other
Balon (Balon) - other
Balon Greyjoy (Balon Greyjoy) - person
Balon King of the Iron Islands (Balon King of the Iron Islands) - other
Bank (Bank) - other
Bannen (Bannen) - other
Banners (Banners) - other
Baratheon (Baratheon) - other
Baratheons (Baratheons) - other
Barra (Barra) - other
Barristan (Barristan) - other
Barristan Selmy (Barristan Selmy) - other
Bastard 's Girls (Bastard 's Girls) - other
Battle (Battle) - other
Battle of Ashford (Battle of Ashford) - other
Battle of Castle Black (Battle of Castle Black) - other
Battle of Oxcross (Battle of Oxcross) - other
Battle of Stone Mill (Battle of Stone Mill) - other
Battle of the Blackwater (Battle of the Blackwater) - other
Battle of the Fist of the First Men (Battle of the Fist of the First Men) - other
Battle of the Trident (Battle of the Trident) - other
Battle of the Whispering Wood (Battle of the Whispering Wood) - other
Bear Island (Bear Island) - other
Belicho Paenymion (Belicho Paenymion) - other
Benjen (Benjen) - other
Benjen Stark (Benjen Stark) - person
Beric (Beric) - other
Beric Dondarrion (Beric Dondarrion) - other
Bert (Bert) - other
Beyond (Beyond) - other
Beyond the Wall (Beyond the Wall) - other
Bianca (Bianca) - other
Biter (Biter) - other
Black Cells (Black Cells) - other
Black Cliffs (Black Cliffs) - other
Black Rat (Black Rat) - other
Black Walder (Black Walder) - other
Black Walder Rivers (Black Walder Rivers) - other
Blackfish (Blackfish) - other
Blackmont (Blackmont) - other
Blackwater (Blackwater) - other
Blackwater Bay (Blackwater Bay) - other
Bloody Gate (Bloody Gate) - other
Bloody Gate of the Eyrie (Bloody Gate of the Eyrie) - other
Bolton (Bolton) - other
Boltons (Boltons) - other
Book of Brothers (Book of Brothers) - other
Bowen Marsh (Bowen Marsh) - other
Boy (Boy) - other
Braavos (Braavos) - other
Braavosi (Braavosi) - other
Braavosi Water Dancer (Braavosi Water Dancer) - other
Braavosi-style (Braavosi-style) - other
Bran (Bran) - other
Bran Stark (Bran Stark) - person
Brandon (Brandon) - other
Brandon the Builder (Brandon the Builder) - other
Bread (Bread) - other
Brienne (Brienne) - other
Brienne of Tarth (Brienne of Tarth) - other
Broken Tower (Broken Tower) - other
Bronn (Bronn) - other
Brother Lancel (Brother Lancel) - other
Brotherhood (Brotherhood) - other
Brotherhood Without Banners (Brotherhood Without Banners) - other
Brusco (Brusco) - other
Brynden (Brynden) - other
Brynden Tully (Brynden Tully) - person
Calla (Calla) - other
Capital (Capital) - other
Captain (Captain) - other
Casterly Rock (Casterly Rock) - other
Castle (Castle) - other
Castle Black (Castle Black) - other
Castle Black of the White Walker (Castle Black of the White Walker) - other
Castle Stokeworth (Castle Stokeworth) - other
Cat (Cat) - other
Catelyn (Catelyn) - other
Catelyn Stark (Catelyn Stark) - person
Cersei (Cersei) - other
Cersei Lannister (Cersei Lannister) - person
Cerwyns (Cerwyns) - other
Chamber of the Painted Table (Chamber of the Painted Table) - other
Children (Children) - other
Children of the Forest (Children of the Forest) - other
Citadel (Citadel) - other
City Watch (City Watch) - other
Clegane (Clegane) - other
Cleon (Cleon) - other
Commander (Commander) - other
Commander Janos Slynt (Commander Janos Slynt) - other
Commander Jeor Mormont (Commander Jeor Mormont) - other
Commander Jeor Mormont of the Night 's Watch (Commander Jeor Mormont of the Night 's Watch) - other
Commander Mormont (Commander Mormont) - person
Commander of the City Watch (Commander of the City Watch) - other
Commander of the Shadow Tower (Commander of the Shadow Tower) - other
Common Tongue (Common Tongue) - other
Common Tongue of Westeros (Common Tongue of Westeros) - other
Conclave (Conclave) - other
Corbray (Corbray) - other
Council (Council) - other
Crag (Crag) - other
Craster (Craster) - other
Craster 's Keep (Craster 's Keep) - other
Crasters Keep (Crasters Keep) - other
Cressen (Cressen) - other
Cripples (Cripples) - other
Crossroads (Crossroads) - other
Crossroads Inn (Crossroads Inn) - other
Crow (Crow) - other
Crown (Crown) - other
Crown Prince Rhaegar Targaryen (Crown Prince Rhaegar Targaryen) - other
Crownlands (Crownlands) - other
Daario (Daario) - other
Daario Naharis (Daario Naharis) - other
Daenerys (Daenerys) - other
Daenerys Stormborn (Daenerys Stormborn) - other
Daenerys Stormborn of House Targaryen (Daenerys Stormborn of House Targaryen) - other
Daenerys Targaryen (Daenerys Targaryen) - person
Daenerys the Unburnt (Daenerys the Unburnt) - other
Daenerys' (Daenerys') - other
Dagmer (Dagmer) - other
Dagmer Cleftjaw (Dagmer Cleftjaw) - other
Daisy (Daisy) - other
Dance of the Dragons (Dance of the Dragons) - other
Dany (Dany) - other
Davos (Davos) - other
Davos An History of Aegon the Conqueror (Davos An History of Aegon the Conqueror) - other
Davos Seaworth (Davos Seaworth) - other
Dayne (Dayne) - other
Daznak 's Pit (Daznak 's Pit) - other
Deepwood Motte (Deepwood Motte) - other
Denys Mallister (Denys Mallister) - other
Dolorous Edd (Dolorous Edd) - other
Dondarrion (Dondarrion) - other
Dontos (Dontos) - other
Dontos Hollard (Dontos Hollard) - other
Doom of Valyria (Doom of Valyria) - other
Doran (Doran) - other
Doran Martell (Doran Martell) - person
Doreah (Doreah) - other
Dorne (Dorne) - other
Dornish (Dornish) - other
Dosh (Dosh) - other
Dothraki (Dothraki) - other
Dothraki Sea (Dothraki Sea) - other
Dracarys (Dracarys) - other
Dragon (Dragon) - other
Dragon Queen (Dragon Queen) - other
Dragonglass (Dragonglass) - other
Dragons (Dragons) - other
Dragonstone (Dragonstone) - other
Dragonstone Isle (Dragonstone Isle) - other
Dreadfort (Dreadfort) - other
Drogo (Drogo) - other
Drogon (Drogon) - other
Drowned God (Drowned God) - other
Drowned Men (Drowned Men) - other
Drowned Priest (Drowned Priest) - other
East (East) - other
Eastern Road (Eastern Road) - other
Eastwatch-by-the-Sea (Eastwatch-by-the-Sea) - other
Edd (Edd) - other
Eddard (Eddard) - other
Eddard Stark (Eddard Stark) - person
Eddison Tollett (Eddison Tollett) - other
Edmure (Edmure) - other
Edmure Tully (Edmure Tully) - person
Egg (Egg) - other
Elia (Elia) - other
Elia Martell (Elia Martell) - person
Ellaria (Ellaria) - other
Ellaria Sand (Ellaria Sand) - other
Elliaria (Elliaria) - other
Eraz (Eraz) - other
Essence of Nightshade (Essence of Nightshade) - other
Essos (Essos) - other
Estermont (Estermont) - other
Euron (Euron) - other
Euron Greyjoy (Euron Greyjoy) - person
Eyrie (Eyrie) - other
Eyrie 's High Hall (Eyrie 's High Hall) - other
Faceless Man (Faceless Man) - other
Faceless Men (Faceless Men) - other
Faith (Faith) - other
Faith Militant (Faith Militant) - other
Faith of the Seven (Faith of the Seven) - other
Father (Father) - other
Fennesz (Fennesz) - other
Fine (Fine) - other
First Builder (First Builder) - other
First Builder Othell Yarwyck (First Builder Othell Yarwyck) - other
First Men (First Men) - other
First Ranger (First Ranger) - other
First Ranger of the Night 's Watch (First Ranger of the Night 's Watch) - other
First Sword of Braavos (First Sword of Braavos) - other
First of His Name (First of His Name) - other
Fist (Fist) - other
Fist of the First Men (Fist of the First Men) - other
Flea Bottom (Flea Bottom) - other
Flowers (Flowers) - other
For the Watch (For the Watch) - other
Forel (Forel) - other
Free Cities (Free Cities) - other
Free City of Braavos (Free City of Braavos) - other
Free City of Pentos (Free City of Pentos) - other
Free City of Qohor (Free City of Qohor) - other
Free City of Volantis (Free City of Volantis) - other
Free Folk (Free Folk) - other
Frey (Frey) - other
Freys (Freys) - other
Frostfangs (Frostfangs) - other
Fuck the King (Fuck the King) - other
Garden of Bones (Garden of Bones) - other
Gardens (Gardens) - other
Gared (Gared) - other
Gendry (Gendry) - other
Genna (Genna) - other
Ghezn (Ghezn) - other
Ghis (Ghis) - other
Ghiscari (Ghiscari) - other
Ghost (Ghost) - other
Gift (Gift) - other
Gilly (Gilly) - other
Gilly the Dragonglass (Gilly the Dragonglass) - other
Glover (Glover) - other
Glovers (Glovers) - other
Gods (Gods) - other
Gods Eye (Gods Eye) - other
Godswood (Godswood) - other
Gold Cloaks (Gold Cloaks) - other
Gold Dragons (Gold Dragons) - other
Good Masters (Good Masters) - other
Good Masters of Astapor (Good Masters of Astapor) - other
Grand Maester Kaeth (Grand Maester Kaeth) - other
Grand Maester Munkun (Grand Maester Munkun) - other
Grand Maester Pycelle (Grand Maester Pycelle) - other
Great (Great) - other
Great Hall (Great Hall) - other
Great Houses (Great Houses) - other
Great Khal (Great Khal) - other
Great Masters (Great Masters) - other
Great Other (Great Other) - other
Great Pit (Great Pit) - other
Great Pit of Daznak (Great Pit of Daznak) - other
Great Pyramid (Great Pyramid) - other
Great Ranging (Great Ranging) - other
Great Sept (Great Sept) - other
Great Sept of Baelor (Great Sept of Baelor) - other
Greatjon (Greatjon) - other
Greatjon Umber (Greatjon Umber) - person
Green Fork of Trident River (Green Fork of Trident River) - other
Green Fork of the River Trident (Green Fork of the River Trident) - other
Greensight (Greensight) - other
Gregor (Gregor) - other
Gregor Clegane (Gregor Clegane) - person
Grenn (Grenn) - other
Grey Wind (Grey Wind) - other
Grey Worm (Grey Worm) - other
Greyguard (Greyguard) - other
Greyjoy (Greyjoy) - other
Greyjoy Rebellion (Greyjoy Rebellion) - other
Greyjoys (Greyjoys) - other
Greyscale (Greyscale) - other
Growing Strong (Growing Strong) - other
Guild (Guild) - other
H'ghar (H'ghar) - other
Half-brother (Half-brother) - other
Halfhand (Halfhand) - other
Hall of Faces (Hall of Faces) - other
Hallyne (Hallyne) - other
Hand (Hand) - other
Hand of the King (Hand of the King) - other
Harald Karstark (Harald Karstark) - person
Hardhome (Hardhome) - other
Harpy (Harpy) - other
Harpy 's Son (Harpy 's Son) - other
Harrenhal (Harrenhal) - other
Haunted Forest (Haunted Forest) - other
Heart (Heart) - other
Heward (Heward) - other
High Hall of the Eyrie (High Hall of the Eyrie) - other
High Priestess of the Dosh Khaleen (High Priestess of the Dosh Khaleen) - other
High Priestess of the Red Temple of Volantis (High Priestess of the Red Temple of Volantis) - other
High Red Priestess (High Red Priestess) - other
High Septon (High Septon) - other
High Septon of the Faith of the Seven (High Septon of the Faith of the Seven) - other
High Sparrow (High Sparrow) - other
High Valyrian (High Valyrian) - other
Highgarden (Highgarden) - other
Hill (Hill) - other
His Conquest of Westeros (His Conquest of Westeros) - other
Hizdahr (Hizdahr) - other
Hodor (Hodor) - other
Hollard (Hollard) - other
Hollow Hill (Hollow Hill) - other
Horn Hill (Horn Hill) - other
Hoster (Hoster) - other
Hoster Tully (Hoster Tully) - person
Hot Pie (Hot Pie) - other
Hound (Hound) - other
House (House) - other
House Arryn (House Arryn) - house
House Baelish (House Baelish) - house
House Baratheon (House Baratheon) - house
House Baratheon of Dragonstone (House Baratheon of Dragonstone) - house
House Bolton (House Bolton) - house
House Clegane (House Clegane) - house
House Florent (House Florent) - house
House Frey (House Frey) - house
House Greyjoy (House Greyjoy) - house
House Karstark (House Karstark) - house
House Lannister (House Lannister) - house
House Martell (House Martell) - house
House Martell of Dorne (House Martell of Dorne) - house
House Mormont (House Mormont) - house
House Reyne of Castamere (House Reyne of Castamere) - house
House Stark (House Stark) - house
House Targaryen (House Targaryen) - house
House Tarth (House Tarth) - house
House Tully (House Tully) - house
House Tyrell (House Tyrell) - house
House Tyrell of the Reach (House Tyrell of the Reach) - house
House Umber (House Umber) - house
House of Black (House of Black) - other
House of the Undying (House of the Undying) - other
Houses (Houses) - other
Houses Jon (Houses Jon) - other
Houses Lannister (Houses Lannister) - person
Houses Reyne (Houses Reyne) - person
Houses Targaryen (Houses Targaryen) - person
Howland (Howland) - other
Howland Reed (Howland Reed) - other
Ice (Ice) - other
Ice Cells (Ice Cells) - other
Iggo (Iggo) - other
Illyrio (Illyrio) - other
Illyrio Mopatis (Illyrio Mopatis) - other
Ilyn (Ilyn) - other
Ilyn Payne (Ilyn Payne) - other
Imp (Imp) - other
Inn (Inn) - other
Iron (Iron) - other
Iron Bank (Iron Bank) - other
Iron Bank of Braavos (Iron Bank of Braavos) - other
Iron Fleet (Iron Fleet) - other
Iron Islands (Iron Islands) - other
Iron Throne (Iron Throne) - other
Ironborn (Ironborn) - other
Irri (Irri) - other
Jafer Flowers (Jafer Flowers) - other
Jaime (Jaime) - other
Jaime 's Dornish (Jaime 's Dornish) - other
Jaime Lannister (Jaime Lannister) - person
Jamie (Jamie) - other
Janos (Janos) - other
Janos Slynt (Janos Slynt) - other
Jaqen (Jaqen) - other
Jaqen H'ghar (Jaqen H'ghar) - other
Jeor (Jeor) - other
Jeor Mormont (Jeor Mormont) - person
Jhiqui (Jhiqui) - other
Joanna (Joanna) - other
Joffrey (Joffrey) - other
Joffrey Baratheon (Joffrey Baratheon) - person
Jojen (Jojen) - other
Jojen Reed (Jojen Reed) - other
Jon (Jon) - other
Jon Arryn (Jon Arryn) - person
Jon Sn (Jon Sn) - other
Jon Snow (Jon Snow) - other
Jon Stark (Jon Stark) - person
Jorah (Jorah) - other
Jorah Mormont (Jorah Mormont) - person
Jory (Jory) - other
Jory Cassel (Jory Cassel) - other
Joyeuse (Joyeuse) - other
Karhold (Karhold) - other
Karl (Karl) - other
Karl Tanner (Karl Tanner) - other
Karlon Stark (Karlon Stark) - person
Karsi (Karsi) - other
Karstark (Karstark) - other
Karstarks (Karstarks) - other
Kayla (Kayla) - other
Keep (Keep) - other
Kevan (Kevan) - other
Kevan Lannister (Kevan Lannister) - person
Khal (Khal) - other
Khal Drogo (Khal Drogo) - other
Khal Moro (Khal Moro) - other
Khalar (Khalar) - other
Khalasar (Khalasar) - other
Khaleesi (Khaleesi) - other
Khals (Khals) - other
King (King) - other
King 's Guard (King 's Guard) - other
King 's Hand (King 's Hand) - other
King 's Landing (King 's Landing) - other
King Aegon V (King Aegon V) - other
King Aerys (King Aerys) - other
King Balon Greyjoy (King Balon Greyjoy) - other
King Beyond the Wall (King Beyond the Wall) - other
King Joffrey (King Joffrey) - other
King Joffrey Baratheon (King Joffrey Baratheon) - other
King Renly Baratheon (King Renly Baratheon) - other
King Robb Stark (King Robb Stark) - other
King Robert (King Robert) - other
King Robert Baratheon (King Robert Baratheon) - other
King Stannis (King Stannis) - other
King Stannis Baratheon (King Stannis Baratheon) - other
King Tommen (King Tommen) - other
King Tommen Baratheon (King Tommen Baratheon) - other
King Tyrion Lannister (King Tyrion Lannister) - other
King Who Lost the North (King Who Lost the North) - other
King of Westeros (King of Westeros) - other
King of the Iron Islands (King of the Iron Islands) - other
King's Landing (King's Landing) - other
King-Beyond-the-Wall (King-Beyond-the-Wall) - other
King-Beyond-the-Wall 's Camp (King-Beyond-the-Wall 's Camp) - other
King-Beyond-the-Wall Mance Rayder (King-Beyond-the-Wall Mance Rayder) - other
Kingdom (Kingdom) - other
Kingdoms (Kingdoms) - other
Kingsguard (Kingsguard) - other
Kingslayer (Kingslayer) - other
Kingsmoot (Kingsmoot) - other
Kingsroad (Kingsroad) - other
Kingswood (Kingswood) - other
Kinslaying (Kinslaying) - other
Kinvara (Kinvara) - other
Kovarro (Kovarro) - other
Kraznys (Kraznys) - other
Kraznys The Unsullied (Kraznys The Unsullied) - other
Lady (Lady) - other
Lady Anya Waynwood (Lady Anya Waynwood) - other
Lady Catelyn (Lady Catelyn) - other
Lady Catelyn Stark (Lady Catelyn Stark) - other
Lady Crane (Lady Crane) - other
Lady Joyeuse (Lady Joyeuse) - other
Lady Lyanna Mormont (Lady Lyanna Mormont) - other
Lady Lysa Arryn (Lady Lysa Arryn) - other
Lady Margaery Tyrell (Lady Margaery Tyrell) - other
Lady Olenna (Lady Olenna) - other
Lady Olenna Tyrell (Lady Olenna Tyrell) - other
Lady Stark (Lady Stark) - person
Lady Talisa Maegyr (Lady Talisa Maegyr) - other
Lady of Bear Island (Lady of Bear Island) - other
Lame Lothar (Lame Lothar) - other
Lancel (Lancel) - other
Lancel Lannister (Lancel Lannister) - person
Lands of Always Winter (Lands of Always Winter) - other
Lanna (Lanna) - other
Lannister (Lannister) - other
Lannister Camp (Lannister Camp) - other
Lannister Monster (Lannister Monster) - other
Lannister-Tyrell (Lannister-Tyrell) - other
Lannister/Tyrell (Lannister/Tyrell) - other
Lannisters (Lannisters) - other
Last Hearth (Last Hearth) - other
Laws (Laws) - other
Leaf (Leaf) - other
Lhara (Lhara) - other
Lhazar (Lhazar) - other
Lhazareen (Lhazareen) - other
Liberation of Slaver 's Bay (Liberation of Slaver 's Bay) - other
Littefinger (Littefinger) - other
Little Bird (Little Bird) - other
Little Sam (Little Sam) - other
Littlefinger (Littlefinger) - other
Lives of Four Kings (Lives of Four Kings) - other
Loboda (Loboda) - other
Locke (Locke) - other
Lollys (Lollys) - other
Lollys Stokeworth (Lollys Stokeworth) - other
Lommy (Lommy) - other
Lommy Greenhands (Lommy Greenhands) - other
Long Bridge (Long Bridge) - other
Long Bridge of Volantis (Long Bridge of Volantis) - other
Long Night (Long Night) - other
Longclaw (Longclaw) - other
Loraq (Loraq) - other
Loras (Loras) - other
Loras Tyrell (Loras Tyrell) - person
Lorch (Lorch) - other
Lord (Lord) - other
Lord 's Chosen (Lord 's Chosen) - other
Lord Baelish (Lord Baelish) - person
Lord Beric Dondarrion (Lord Beric Dondarrion) - other
Lord Bolton (Lord Bolton) - person
Lord Cerwyn (Lord Cerwyn) - other
Lord Commander (Lord Commander) - other
Lord Commander Alliser Thorne (Lord Commander Alliser Thorne) - other
Lord Commander Barristan Selmy (Lord Commander Barristan Selmy) - other
Lord Commander Gerold Hightower (Lord Commander Gerold Hightower) - other
Lord Commander Jeor Mormont (Lord Commander Jeor Mormont) - other
Lord Commander Jon Snow (Lord Commander Jon Snow) - other
Lord Commander Mormont (Lord Commander Mormont) - other
Lord Commander Snow (Lord Commander Snow) - other
Lord Commander of Robert Baratheon 's Kingsguard (Lord Commander of Robert Baratheon 's Kingsguard) - other
Lord Commander of the King 's Landing City Watch (Lord Commander of the King 's Landing City Watch) - other
Lord Commander of the Kingsguard (Lord Commander of the Kingsguard) - other
Lord Commander of the Night 's Watch (Lord Commander of the Night 's Watch) - other
Lord Eddard (Lord Eddard) - other
Lord Eddard Stark (Lord Eddard Stark) - other
Lord Frey (Lord Frey) - person
Lord Hoster Tully (Lord Hoster Tully) - other
Lord Howland Reed (Lord Howland Reed) - other
Lord Janos Slynt (Lord Janos Slynt) - other
Lord Jon Arryn (Lord Jon Arryn) - other
Lord Karstark (Lord Karstark) - person
Lord Mace Tyrell (Lord Mace Tyrell) - other
Lord Paramount of the Vale (Lord Paramount of the Vale) - other
Lord Petyr (Lord Petyr) - other
Lord Petyr Baelish (Lord Petyr Baelish) - other
Lord Protector of the Realm (Lord Protector of the Realm) - other
Lord Randyll Tarly (Lord Randyll Tarly) - other
Lord Renly (Lord Renly) - other
Lord Renly Baratheon (Lord Renly Baratheon) - other
Lord Rickard (Lord Rickard) - other
Lord Rickard Karstark (Lord Rickard Karstark) - other
Lord Robin Arryn (Lord Robin Arryn) - other
Lord Roose Bolton (Lord Roose Bolton) - other
Lord Roose Bolton of the Dreadfort (Lord Roose Bolton of the Dreadfort) - other
Lord Royce (Lord Royce) - other
Lord Selwyn (Lord Selwyn) - other
Lord Selwyn Tarth (Lord Selwyn Tarth) - other
Lord Selwyn of Tarth (Lord Selwyn of Tarth) - other
Lord Snow (Lord Snow) - other
Lord Stannis (Lord Stannis) - other
Lord Stark (Lord Stark) - person
Lord Tywin (Lord Tywin) - other
Lord Tywin Lannister (Lord Tywin Lannister) - other
Lord Varys (Lord Varys) - other
Lord Walder (Lord Walder) - other
Lord Walder Frey (Lord Walder Frey) - other
Lord Whent of Harrenhal (Lord Whent of Harrenhal) - other
Lord Yohn (Lord Yohn) - other
Lord Yohn Royce (Lord Yohn Royce) - other
Lord of Bones (Lord of Bones) - other
Lord of Harrenhal (Lord of Harrenhal) - other
Lord of Light (Lord of Light) - other
Lord of Riverrun (Lord of Riverrun) - other
Lord of Winterfell (Lord of Winterfell) - other
Lord of the Seven Kingdoms (Lord of the Seven Kingdoms) - other
Lord of the Vale (Lord of the Vale) - other
Lords (Lords) - other
Lords Walder Frey (Lords Walder Frey) - other
Lordsport (Lordsport) - other
Lorren (Lorren) - other
Lothar (Lothar) - other
Lothar Frey (Lothar Frey) - person
Low Valyrian (Low Valyrian) - other
Luwin (Luwin) - other
Lyanna (Lyanna) - other
Lyanna Mormont (Lyanna Mormont) - person
Lyanna Stark (Lyanna Stark) - person
Lys (Lys) - other
Lysa (Lysa) - other
Lysa Arryn (Lysa Arryn) - person
Lysa Tully (Lysa Tully) - person
Lysene (Lysene) - other
M'Lord (M'Lord) - other
Mace (Mace) - other
Mace Tyrell (Mace Tyrell) - person
Mad King (Mad King) - other
Mad King Aerys Targaryen (Mad King Aerys Targaryen) - other
Maegor 's Holdfast (Maegor 's Holdfast) - other
Maester (Maester) - other
Maester Aemon (Maester Aemon) - other
Maester Caleotte (Maester Caleotte) - other
Maester Luwin (Maester Luwin) - other
Maester Pycelle (Maester Pycelle) - other
Maester Wolkan (Maester Wolkan) - other
Maester of the Watch (Maester of the Watch) - other
Mag (Mag) - other
Mag the Mighty (Mag the Mighty) - other
Maggy (Maggy) - other
Magister Illyrio Mopatis (Magister Illyrio Mopatis) - other
Magister Illyrio Mopatis of Pentos (Magister Illyrio Mopatis of Pentos) - other
Mago (Mago) - other
Maiden Fair (Maiden Fair) - other
Malko (Malko) - other
Mance (Mance) - other
Mance Rayder (Mance Rayder) - other
Many-Faced God (Many-Faced God) - other
Mar Tun Doh Weg (Mar Tun Doh Weg) - other
Marei (Marei) - other
Margaery (Margaery) - other
Margaery Tyrell (Margaery Tyrell) - person
Marillion (Marillion) - other
Martell (Martell) - other
Martells (Martells) - other
Martyn (Martyn) - other
Martyn Lannister (Martyn Lannister) - person
Master Mighdal (Master Mighdal) - other
Master of Coin (Master of Coin) - other
Master of Coin Mace Tyrell (Master of Coin Mace Tyrell) - other
Master of Laws (Master of Laws) - other
Master of Ships (Master of Ships) - other
Master of War (Master of War) - other
Master of Whisperers (Master of Whisperers) - other
Masters (Masters) - other
Matthos (Matthos) - other
Matthos Seaworth (Matthos Seaworth) - other
Maz Duur (Maz Duur) - other
Mazins (Mazins) - other
Meera (Meera) - other
Meera Reed (Meera Reed) - other
Meereen (Meereen) - other
Meereenese (Meereenese) - other
Meereenese Great Masters (Meereenese Great Masters) - other
Meereenese Knot (Meereenese Knot) - other
Meerenese Pit Fighter (Meerenese Pit Fighter) - other
Melara (Melara) - other
Melara Hetherspoon (Melara Hetherspoon) - other
Melisandre (Melisandre) - other
Melisandre 's God (Melisandre 's God) - other
Mero (Mero) - other
Meryn (Meryn) - other
Meryn Trant (Meryn Trant) - other
Meryn Trant Ser Meryn Trant (Meryn Trant Ser Meryn Trant) - other
Mhaegen (Mhaegen) - other
Mighdal (Mighdal) - other
Mikken (Mikken) - other
Milk of the Poppy (Milk of the Poppy) - other
Mirri Maz Duur (Mirri Maz Duur) - other
Missandei (Missandei) - other
Missandei of Naath (Missandei of Naath) - other
Moat Cailin (Moat Cailin) - other
Mole 's Town (Mole 's Town) - other
Moon Door (Moon Door) - other
Mord (Mord) - other
Mormont (Mormont) - other
Mormonts (Mormonts) - other
Moro (Moro) - other
Mossador (Mossador) - other
Mother (Mother) - other
Mother of Dragons (Mother of Dragons) - other
Mott (Mott) - other
Mountain (Mountain) - other
Mountain That Rides (Mountain That Rides) - other
Mud Gate (Mud Gate) - other
Mummer 's Ford (Mummer 's Ford) - other
Mutiny (Mutiny) - other
My Lord (My Lord) - other
Mycah (Mycah) - other
Myr (Myr) - other
Myranda (Myranda) - other
Myrcella (Myrcella) - other
Myrcella 's Lannister (Myrcella 's Lannister) - other
Myrcella Baratheon (Myrcella Baratheon) - person
Myrnada (Myrnada) - other
Naath (Naath) - other
Naharis (Naharis) - other
Nakloz (Nakloz) - other
Nan (Nan) - other
Narrow Sea (Narrow Sea) - other
Neck (Neck) - other
Ned (Ned) - other
Ned Stark (Ned Stark) - person
Needle (Needle) - other
New (New) - other
Night 's Watch (Night 's Watch) - other
Night 's Watchman (Night 's Watchman) - other
Night King (Night King) - other
Night Lands (Night Lands) - other
Nightfort (Nightfort) - other
Nights Watch (Nights Watch) - other
No One (No One) - other
North (North) - other
North Robb Stark (North Robb Stark) - other
Northeners (Northeners) - other
Northern (Northern) - other
Northern Lords (Northern Lords) - other
Northerners (Northerners) - other
Northmen (Northmen) - other
Norvosi (Norvosi) - other
Not Theon (Not Theon) - other
Nym (Nym) - other
Nymeria (Nymeria) - other
Nymeria Sand (Nymeria Sand) - other
Oathkeeper (Oathkeeper) - other
Obara (Obara) - other
Oberyn (Oberyn) - other
Oberyn Martell (Oberyn Martell) - person
Old (Old) - other
Old Bear (Old Bear) - other
Old Ghiscari (Old Ghiscari) - other
Old Gods (Old Gods) - other
Old Gods of the Forest (Old Gods of the Forest) - other
Old Nan (Old Nan) - other
Old Tongue (Old Tongue) - other
Old Valyria (Old Valyria) - other
Oldtown (Oldtown) - other
Olenna (Olenna) - other
Olenna Tyrell (Olenna Tyrell) - person
Olly (Olly) - other
Olyvar (Olyvar) - other
Olyvar Frey (Olyvar Frey) - person
Onion Knight (Onion Knight) - other
Order of Maesters (Order of Maesters) - other
Orell (Orell) - other
Ornela (Ornela) - other
Orson (Orson) - other
Orson Lannister (Orson Lannister) - person
Osha (Osha) - other
Othell Yarwyck (Othell Yarwyck) - other
Othor (Othor) - other
Oxcross (Oxcross) - other
Payne (Payne) - other
Pentos (Pentos) - other
Pentoshi (Pentoshi) - other
Petyr (Petyr) - other
Petyr Baelish (Petyr Baelish) - person
Pie (Pie) - other
Piggy (Piggy) - other
Pit (Pit) - other
Pits (Pits) - other
Planky Town (Planky Town) - other
Pod (Pod) - other
Podrick (Podrick) - other
Podrick Payne (Podrick Payne) - other
Podrick Payne of Stannis (Podrick Payne of Stannis) - other
Polliver (Polliver) - other
Pree (Pree) - other
Prendahl (Prendahl) - other
Priestess (Priestess) - other
Prince (Prince) - other
Prince Doran (Prince Doran) - other
Prince Doran Martell (Prince Doran Martell) - other
Prince Doran Martell of Dorne (Prince Doran Martell of Dorne) - other
Prince Oberyn (Prince Oberyn) - other
Prince Oberyn Martell (Prince Oberyn Martell) - other
Prince Rhaegar (Prince Rhaegar) - other
Prince Rhaegar Targaryen (Prince Rhaegar Targaryen) - other
Prince Tommen Baratheon (Prince Tommen Baratheon) - other
Prince Trystane (Prince Trystane) - other
Prince of Dorne (Prince of Dorne) - other
Princess Daenerys Targaryen (Princess Daenerys Targaryen) - other
Princess Myrcella (Princess Myrcella) - other
Princess Myrcella Baratheon (Princess Myrcella Baratheon) - other
Princess Shireen (Princess Shireen) - other
Princess Shireen Baratheon (Princess Shireen Baratheon) - other
Princess Shireen of House Baratheon (Princess Shireen of House Baratheon) - other
Prologue (Prologue) - other
Protector of the Realm (Protector of the Realm) - other
Pyat (Pyat) - other
Pyat Pree (Pyat Pree) - other
Pycelle (Pycelle) - other
Pyke (Pyke) - other
Pyp (Pyp) - other
Pypar (Pypar) - other
Qaggaz (Qaggaz) - other
Qarth (Qarth) - other
Qartheen (Qartheen) - other
Qhorin (Qhorin) - other
Qhorin Halfhand (Qhorin Halfhand) - other
Qotho (Qotho) - other
Quaithe (Quaithe) - other
Quaithe of Asshai (Quaithe of Asshai) - other
Queen (Queen) - other
Queen Cersei (Queen Cersei) - other
Queen Cersei Lannister (Queen Cersei Lannister) - other
Queen Daenerys (Queen Daenerys) - other
Queen Daenerys Targaryen (Queen Daenerys Targaryen) - other
Queen Margaery (Queen Margaery) - other
Queen Margaery Tyrell (Queen Margaery Tyrell) - other
Queen Mother (Queen Mother) - other
Queen Regent (Queen Regent) - other
Queen Regent Cersei (Queen Regent Cersei) - other
Queen Regent Cersei Lannister (Queen Regent Cersei Lannister) - other
Queen Selyse (Queen Selyse) - other
Queen Selyse Baratheon (Queen Selyse Baratheon) - other
Queen Talisa (Queen Talisa) - other
Queen of Meereen (Queen of Meereen) - other
Queensgard (Queensgard) - other
Queensguard (Queensguard) - other
Qyburn (Qyburn) - other
Qyburn Grand Maester (Qyburn Grand Maester) - other
R'hllor (R'hllor) - other
Rains of Castamere (Rains of Castamere) - other
Rakharo (Rakharo) - other
Ralf Kenning (Ralf Kenning) - other
Ramsay (Ramsay) - other
Ramsay Bolton (Ramsay Bolton) - person
Ramsay Snow (Ramsay Snow) - other
Ran (Ran) - other
Randyll (Randyll) - other
Randyll Tarly (Randyll Tarly) - other
Rast (Rast) - other
Rat Cook (Rat Cook) - other
Raven (Raven) - other
Rayder (Rayder) - other
Razdal (Razdal) - other
Reach (Reach) - other
Red Comet (Red Comet) - other
Red Flea (Red Flea) - other
Red Fork of the Trident (Red Fork of the Trident) - other
Red Fork of the Trident River (Red Fork of the Trident River) - other
Red Keep (Red Keep) - other
Red Priest (Red Priest) - other
Red Priestess (Red Priestess) - other
Red Priestess Melisandre (Red Priestess Melisandre) - other
Red Waste (Red Waste) - other
Red Wedding (Red Wedding) - other
Reed (Reed) - other
Reeds (Reeds) - other
Reek (Reek) - other
Regent (Regent) - other
Regent Cersei Lannister (Regent Cersei Lannister) - other
Renly (Renly) - other
Renly Baratheon (Renly Baratheon) - person
Rennick (Rennick) - other
Rhaegal (Rhaegal) - other
Rhaegar (Rhaegar) - other
Rhaegar Targaryen (Rhaegar Targaryen) - person
Rhaego (Rhaego) - other
Rhaenyra (Rhaenyra) - other
Rhaenyra Targaryen (Rhaenyra Targaryen) - person
Rhaenys (Rhaenys) - other
Rickard (Rickard) - other
Rickard Karstark (Rickard Karstark) - person
Rickard Stark (Rickard Stark) - person
Rickon (Rickon) - other
Rickon Stark (Rickon Stark) - person
Riverlands (Riverlands) - other
Rivermen (Rivermen) - other
Riverrun (Riverrun) - other
Robb (Robb) - other
Robb Stark (Robb Stark) - person
Robert (Robert) - other
Robert 's Rebellion (Robert 's Rebellion) - other
Robert Baratheon (Robert Baratheon) - person
Robin (Robin) - other
Robin Arryn (Robin Arryn) - person
Rodrik (Rodrik) - other
Rodrik Cassel (Rodrik Cassel) - other
Roose (Roose) - other
Roose Bolton (Roose Bolton) - person
Rorge (Rorge) - other
Ros (Ros) - other
Roslin (Roslin) - other
Roslin Frey (Roslin Frey) - person
Royal (Royal) - other
Royal Fleet (Royal Fleet) - other
Royce (Royce) - other
Runestone (Runestone) - other
Sack of Astapor (Sack of Astapor) - other
Sack of King 's Landing (Sack of King 's Landing) - other
Sack of Winterfell (Sack of Winterfell) - other
Salladhor (Salladhor) - other
Salladhor Saan (Salladhor Saan) - other
Salt Throne (Salt Throne) - other
Sam (Sam) - other
Samwell (Samwell) - other
Samwell Tarly (Samwell Tarly) - other
Sand (Sand) - other
Sand Snakes (Sand Snakes) - other
Sandor (Sandor) - other
Sandor Clegane (Sandor Clegane) - person
Sands (Sands) - other
Sansa (Sansa) - other
Sansa Meanwhile (Sansa Meanwhile) - other
Sansa Robb (Sansa Robb) - other
Sansa Stark (Sansa Stark) - person
Sansa the Moon Door (Sansa the Moon Door) - other
Sapphire Isle (Sapphire Isle) - other
Savior of the City (Savior of the City) - other
Savo (Savo) - other
Seaworth (Seaworth) - other
Second Sons (Second Sons) - other
Selmy (Selmy) - other
Selyse (Selyse) - other
Sept (Sept) - other
Septa Mordane (Septa Mordane) - other
Septa Unella (Septa Unella) - other
Septas (Septas) - other
Septon (Septon) - other
Alliser (Ser Alliser) - person
Alliser Thorne (Ser Alliser Thorne) - person
Amory (Ser Amory) - person
Amory Lorch (Ser Amory Lorch) - person
Arthur (Ser Arthur) - person
Arthur Dayne (Ser Arthur Dayne) - person
Barristan (Ser Barristan) - person
Barristan Selmy (Ser Barristan Selmy) - person
Beric Dondarrion (Ser Beric Dondarrion) - person
Boros Blount of the Kingsguard (Ser Boros Blount of the Kingsguard) - person
Bronn (Ser Bronn) - person
Bronn of the Blackwater (Ser Bronn of the Blackwater) - person
Davos (Ser Davos) - person
Davos Seaworth (Ser Davos Seaworth) - person
Donnel Waynwood (Ser Donnel Waynwood) - person
Dontos (Ser Dontos) - person
Dontos Hollard (Ser Dontos Hollard) - person
Duncan the Tall (Ser Duncan the Tall) - person
Gerold (Ser Gerold) - person
Gerold Hightower (Ser Gerold Hightower) - person
Gregor (Ser Gregor) - person
Gregor Clegane (Ser Gregor Clegane) - person
Hugh (Ser Hugh) - person
Hugh of the Vale (Ser Hugh of the Vale) - person
Ilyn (Ser Ilyn) - person
Ilyn Payne (Ser Ilyn Payne) - person
Jaime Lannister (Ser Jaime Lannister) - person
Jaime Lannister of the Kingsguard (Ser Jaime Lannister of the Kingsguard) - person
Jorah (Ser Jorah) - person
Jorah Mormont (Ser Jorah Mormont) - person
Kevan (Ser Kevan) - person
Lancel (Ser Lancel) - person
Lancel Lannister (Ser Lancel Lannister) - person
Loras (Ser Loras) - person
Loras Tyrell (Ser Loras Tyrell) - person
Mandon (Ser Mandon) - person
Mandon Moore (Ser Mandon Moore) - person
Mandon Moore of the Kingsguard (Ser Mandon Moore of the Kingsguard) - person
Meryn (Ser Meryn) - person
Meryn Trant (Ser Meryn Trant) - person
Meryn Trant of the Kingsguard (Ser Meryn Trant of the Kingsguard) - person
Onion Knight (Ser Onion Knight) - person
Rodrik (Ser Rodrik) - person
Rodrik Cassel (Ser Rodrik Cassel) - person
Vance Corbray (Ser Vance Corbray) - person
Vardis Egen (Ser Vardis Egen) - person
Waymar (Ser Waymar) - person
Waymar Royce (Ser Waymar Royce) - person
Willas Bracken (Ser Willas Bracken) - person
Seven (Seven) - other
Seven Kingdoms (Seven Kingdoms) - other
Seven-Pointed Star (Seven-Pointed Star) - other
Shadow (Shadow) - other
Shadow Lands (Shadow Lands) - other
Shadow-creature (Shadow-creature) - other
Shae (Shae) - other
Shagga (Shagga) - other
Shaggydog (Shaggydog) - other
Shireen (Shireen) - other
Shireen 's Greyscale (Shireen 's Greyscale) - other
Shireen Baratheon (Shireen Baratheon) - person
Siege of Old Wyk (Siege of Old Wyk) - other
Siege of Pyke (Siege of Pyke) - other
Sight (Sight) - other
Silent Sister (Silent Sister) - other
Silent Sisters (Silent Sisters) - other
Sissy (Sissy) - other
Skirling Pass (Skirling Pass) - other
Slaver 's Bay (Slaver 's Bay) - other
Slavers Bay (Slavers Bay) - other
Slynt (Slynt) - other
Small Council (Small Council) - other
Smalljon (Smalljon) - other
Smalljon Umber (Smalljon Umber) - person
Smoking Sea (Smoking Sea) - other
Snow (Snow) - other
Son of the Harpy (Son of the Harpy) - other
Sons (Sons) - other
Sons of the Harpy (Sons of the Harpy) - other
South (South) - other
Sparrow (Sparrow) - other
Sparrows (Sparrows) - other
Spice King (Spice King) - other
Stallion Who Mounts the World (Stallion Who Mounts the World) - other
Stannis (Stannis) - other
Stannis Baratheon (Stannis Baratheon) - person
Stannis' (Stannis') - other
Stark (Stark) - other
Stark Valyrian (Stark Valyrian) - other
Stark of Winterfell (Stark of Winterfell) - other
Starks (Starks) - other
Steelshanks (Steelshanks) - other
Stone Men (Stone Men) - other
Stone Mill (Stone Mill) - other
Stony Shore (Stony Shore) - other
Storm 's End (Storm 's End) - other
Stormcrows (Stormcrows) - other
Stormlands (Stormlands) - other
Styr (Styr) - other
Sumai (Sumai) - other
Summer (Summer) - other
Summer Isles (Summer Isles) - other
Sunspear (Sunspear) - other
Sweetrobin Arryn (Sweetrobin Arryn) - person
Sword of the Morning (Sword of the Morning) - other
Sworn Brothers (Sworn Brothers) - other
Syrio (Syrio) - other
Syrio Forel (Syrio Forel) - other
Talisa (Talisa) - other
Talisa Maegyr (Talisa Maegyr) - other
Talisa of Volantis (Talisa of Volantis) - other
Targaryen (Targaryen) - other
Targaryen Conquest (Targaryen Conquest) - other
Targaryen Kingsguard (Targaryen Kingsguard) - other
Targaryens (Targaryens) - other
Tarly (Tarly) - other
Tarth (Tarth) - other
Tears of Lys (Tears of Lys) - other
Temple of the Dosh Khaleen (Temple of the Dosh Khaleen) - other
Temple of the Graces (Temple of the Graces) - other
Terys (Terys) - other
The Bear (The Bear) - other
The Blackfish (The Blackfish) - other
The Bloody Hand (The Bloody Hand) - other
The Book of the Stranger (The Book of the Stranger) - other
The Brotherhood (The Brotherhood) - other
The Citadel (The Citadel) - other
The Dance of the Dragons (The Dance of the Dragons) - other
The Dornishman 's Wife (The Dornishman 's Wife) - other
The Eyrie (The Eyrie) - other
The Father (The Father) - other
The Fingers (The Fingers) - other
The Hound (The Hound) - other
The Imp (The Imp) - other
The King (The King) - other
The Lannisters (The Lannisters) - other
The Long Farewell (The Long Farewell) - other
The Long Night (The Long Night) - other
The Lord of Bones (The Lord of Bones) - other
The Lord of Light (The Lord of Light) - other
The Mountain (The Mountain) - other
The Night King (The Night King) - other
The North (The North) - other
The Prince That Was Promised (The Prince That Was Promised) - other
The Rains of Castamere (The Rains of Castamere) - other
The Shadow Tower (The Shadow Tower) - other
The Sight (The Sight) - other
The Stallion That Mounts The World (The Stallion That Mounts The World) - other
The Thirteen (The Thirteen) - other
The Tickler (The Tickler) - other
The Twins (The Twins) - other
The Vale (The Vale) - other
The Waif (The Waif) - other
The Waif In Braavos (The Waif In Braavos) - other
The Wall (The Wall) - other
Thenn (Thenn) - other
Thenns (Thenns) - other
Theon (Theon) - other
Theon Greyjoy (Theon Greyjoy) - person
Thin (Thin) - other
Thin Man (Thin Man) - other
Thirteen (Thirteen) - other
Thorne (Thorne) - other
Thoros (Thoros) - other
Thoros of Myr (Thoros of Myr) - other
Three-Eyed Raven (Three-Eyed Raven) - other
Three-eyed (Three-eyed) - other
Three-eyed Raven (Three-eyed Raven) - other
Throne (Throne) - other
Throne Room (Throne Room) - other
Tickler (Tickler) - other
Titan 's Bastard (Titan 's Bastard) - other
Titan of Braavos (Titan of Braavos) - other
Tobho Mott (Tobho Mott) - other
Tollett (Tollett) - other
Tommen (Tommen) - other
Tommen Baratheon (Tommen Baratheon) - person
Tormund (Tormund) - other
Tormund Giantsbane (Tormund Giantsbane) - other
Torrhen (Torrhen) - other
Torrhen 's Square (Torrhen 's Square) - other
Torrhen Karstark (Torrhen Karstark) - person
Tourney of the Hand (Tourney of the Hand) - other
Tower (Tower) - other
Tower of Joy (Tower of Joy) - other
Tower of the Hand (Tower of the Hand) - other
Townshall (Townshall) - other
Trant (Trant) - other
Trident (Trident) - other
Trystane (Trystane) - other
Trystane Martell (Trystane Martell) - person
Trystane Martell Jaime (Trystane Martell Jaime) - other
Tully (Tully) - other
Tullys (Tullys) - other
Twins (Twins) - other
Tycho (Tycho) - other
Tycho Nestoris (Tycho Nestoris) - other
Tyene (Tyene) - other
Tyene Sand (Tyene Sand) - other
Tyrell (Tyrell) - other
Tyrells (Tyrells) - other
Tyrion (Tyrion) - other
Tyrion Lannister (Tyrion Lannister) - person
Tysha (Tysha) - other
Tywin (Tywin) - other
Tywin Lannister (Tywin Lannister) - person
Umber (Umber) - other
Umbers (Umbers) - other
Uncle Benjen (Uncle Benjen) - other
Unella (Unella) - other
Unsullied (Unsullied) - other
Vaes Dothrak (Vaes Dothrak) - other
Vala (Vala) - other
Valahd (Valahd) - other
Valar Morghulis (Valar Morghulis) - other
Vale (Vale) - other
Vale of Arryn (Vale of Arryn) - other
Valyria (Valyria) - other
Valyrian (Valyrian) - other
Vardis (Vardis) - other
Varys (Varys) - other
Vhagar (Vhagar) - other
Viper (Viper) - other
Viserion (Viserion) - other
Viserys (Viserys) - other
Volantene (Volantene) - other
Volantis (Volantis) - other
Waif (Waif) - other
Walda (Walda) - other
Walda Bolton (Walda Bolton) - person
Walder (Walder) - other
Walder Frey (Walder Frey) - person
Walk of Punishment (Walk of Punishment) - other
Walker (Walker) - other
Walkers (Walkers) - other
Wall (Wall) - other
Wall the Night 's Watch (Wall the Night 's Watch) - other
War of the Five Kings (War of the Five Kings) - other
Warden of the North (Warden of the North) - other
Warlocks of Qarth (Warlocks of Qarth) - other
Watch (Watch) - other
Water Dancer (Water Dancer) - other
Water Dancing (Water Dancing) - other
Water Gardens (Water Gardens) - other
Water Gardens of Dorne (Water Gardens of Dorne) - other
Waymar (Waymar) - other
Waynwood (Waynwood) - other
We Do Not Sow (We Do Not Sow) - other
Weirwood (Weirwood) - other
Westerlands (Westerlands) - other
Westeros (Westeros) - other
Westerosi (Westerosi) - other
Westoros (Westoros) - other
Whispering Wood (Whispering Wood) - other
White (White) - other
White Harbor (White Harbor) - other
White Rat (White Rat) - other
White Sword Tower (White Sword Tower) - other
White Walker (White Walker) - other
White Walkers (White Walkers) - other
Widow 's Wail (Widow 's Wail) - other
Wights (Wights) - other
Wildfire (Wildfire) - other
Wildling (Wildling) - other
Wildlings (Wildlings) - other
Will (Will) - other
Willem (Willem) - other
Willem Lannister (Willem Lannister) - person
Wind (Wind) - other
Winter (Winter) - other
Winterfell (Winterfell) - other
Wisdom Hallyne (Wisdom Hallyne) - other
Wise (Wise) - other
Wise Masters (Wise Masters) - other
Wise Masters of Yunkai (Wise Masters of Yunkai) - other
Wolfswood (Wolfswood) - other
Woods (Woods) - other
Worm (Worm) - other
Wun Wun (Wun Wun) - other
Wyl (Wyl) - other
Wylis (Wylis) - other
Wylla (Wylla) - other
X-shaped (X-shaped) - other
Xaro (Xaro) - other
Xaro Xhoan Daxos (Xaro Xhoan Daxos) - other
Xaro the King of Qarth (Xaro the King of Qarth) - other
Xhoan Daxos (Xhoan Daxos) - other
Yara (Yara) - other
Yara Greyjoy (Yara Greyjoy) - person
Yezzan (Yezzan) - other
Ygritte (Ygritte) - other
Yohn Royce (Yohn Royce) - other
Yoren (Yoren) - other
Yoren of the Night 's Watch (Yoren of the Night 's Watch) - other
Your Grace (Your Grace) - other
Yunkai (Yunkai) - other
Yunkai'i Wise Master Razdal (Yunkai'i Wise Master Razdal) - other
Zalla (Zalla) - other
